Company Name,Symbol,ISIN Code,Macro Sector,Sector,Industry,Basic Industry,Category,Justification
Pranav Constructions Ltd,PRANAVEQ,INE0H4201019,Real Estate,Construction,Realty,"Residential, Commercial Projects",Green,Residential and commercial real-estate development focused on housing-society redevelopment. Animal linkage is absent; the business involves property development and leasing with no animal-derived product line or food-service activity. (The Economic Times)
Prasol Chemicals Ltd,PRASOLCHEMEQ,INE455U01024,Chemicals,Chemicals,Chemicals & Petrochemicals,Specialty Chemicals,Green,"Manufactures chemical intermediates, solvents and customised additives using petrochemical/mineral-based chemistry. It does not manufacture finished insecticides or finished drugs, and customer industries are not counted as animal linkage. (The Economic Times)"
Glass Wall Systems (India) Ltd,GLASSWALLEQ,INE644Q01039,Construction Materials,Construction,Building Materials,Glass & Aluminium Products,Green,"Provides facade and fenestration solutions using glass, aluminium and steel, including curtain walls, skylights, cladding and doors/windows. No animal-derived input or animal-linked product line. (The Economic Times)"
Kanohar Electricals Ltd,KANOHAREQ,INE877D01025,Industrials,Capital Goods,Electrical Equipment,Transformers,Green,"Manufactures power, traction, Scott and distribution transformers and undertakes power-transmission and distribution EPC. Products use steel, copper, insulation and mineral oil with no animal-derived input or animal-linked product line. (The Economic Times)"
Asset Reconstruction Company (India) Ltd — ARCIL,ARCILEQ,INE148G01016,Financial Services,Financial Services,Finance,Other Financial Services,Orange,"Acquires and resolves stressed assets across a broad range of industries. Its capital exposure necessarily includes some animal-based borrowers, creating an indirect broad-economy animal linkage, while the company itself does not operate a direct animal-harm business. (Moneycontrol)"
Karamtara Engineering Ltd,KARAMTARA,INE590T01012,Industrials,Capital Goods,Electrical Equipment,Power Transmission Equipment,Green,"Manufactures solar mounting structures, tracker components, transmission towers, overhead-line hardware and fasteners, with expansion into wind-turbine towers. Steel engineering and infrastructure products have no animal-derived input or animal-industry product line. (Business Standard)"
LCC Projects Ltd,LCCPROJECT,INE1FPN01026,Industrials,Construction,Construction,Civil Construction,Green,"EPC contractor undertaking water-supply, irrigation, dam, canal, road and bridge projects using conventional construction materials such as cement and steel. Civil construction is animal-neutral with no animal-derived input. (The Economic Times)"
Manipal Payment and Identity Solutions Ltd,MPIMANIPALEQ,INE241U01028,Information Technology,Information Technology,IT — Services,Other IT Enabled Services,Green,"Manufactures payment cards, identity documents, NFC/QR products, wearables and secure-printing products and provides related infrastructure. Products are based on polymer, metal and paper; serving financial institutions and government clients is not counted as animal linkage. (The Economic Times)"
Rentomojo Ltd,RENTOMOJO,INE08T701025,Consumer Discretionary,Consumer Durables,Consumer Durables,Furniture & Home Appliances,Green,"Provides furniture and appliance rental and subscription services. Its products use wood, fabric, foam, metal and synthetic leatherette rather than animal hide; no animal-derived product line is identified. (The Economic Times)"
Steamhouse India Ltd,STEAMHOUSEEQ,INE0FRO01022,Industrials,Capital Goods,Industrial Products,Industrial Gases & Utilities,Green,Generates and distributes piped steam and nitrogen to industrial customers. Steam and industrial gases are inorganic utility products with no animal-derived input; customer industries are not counted. (The Economic Times)
Veegaland Developers Ltd,VEEGALANDBE,INE1JTV01015,Real Estate,Construction,Realty,"Residential, Commercial Projects",Green,Residential property developer focused on apartments across Kerala. Pure residential development and sale is animal-neutral and has no animal-derived product line. (The Economic Times)
Manika Plastech Ltd,MANIKA,INE0KWF01020,Consumer Discretionary,Consumer Durables,Consumer Products,Plastic Products,Green,"Manufactures rigid polymer packaging, films, containers, battery casings and other plastic products from petrochemical polymers. No animal-derived input; the industries purchasing the packaging are not counted. (The Economic Times)"
Jindal Supreme (India) Ltd,JSIPLEQ,INE1DLO01028,Industrials,Capital Goods,Industrial Products,Pipes & Tubes,Green,"Manufactures steel pipes, tubes, crash barriers and GI tubular poles for infrastructure and industrial applications. Steel and steel-product manufacturing involves inorganic materials with no animal-derived input. (NSE India)"
National Stock Exchange of India Ltd — NSE,NSE,INE721I01024,Financial Services,Financial Services,Capital Markets,Other Capital Market Services,Green,"Operates a securities exchange and provides neutral market infrastructure through trading and market-related services. It does not lend or invest its own capital into industries, so exposure to businesses using the exchange is not counted. (NSE India)"
Apana Logistics Ltd,APANA,INE1ET101019,Industrials,Services,Transport Services,Logistics Solutions,Green,"Provides container handling, road transportation, third-party warehouse cargo handling and equipment maintenance. Moving third-party cargo is a logistics/carriage service rather than provision of animal goods. (The Economic Times)"
Amtech Esters Ltd,AMTECH,INE0RMA01019,Chemicals,Chemicals,Chemicals & Petrochemicals,Specialty Chemicals,Green,"Manufactures unsaturated polyester resins and trades complementary synthetic resin products, hardeners and silicones. Petrochemical-based synthetic resin chemistry has no animal-derived input or animal-industry product line. (NoticeBlue)"
Infrax Renewable Ltd,INFRAX,INE1YC401018,Utilities,Power,Power,Renewable Energy,Green,"Provides rooftop and ground-mounted solar EPC, distributes solar modules and inverters, and operates a solar power plant. Renewable-energy equipment and solar power generation are animal-neutral. (NoticeBlue)"
Vinod Texworld Ltd,VINOD,INE1A5U01014,Consumer Discretionary,Textiles,Textiles,Other Textile Products,Green,"Processes and manufactures cotton, polyester and blended fabrics through dyeing and printing. No wool, silk or leather product line is identified. (Business Standard)"
Maharaja & Speedex India Ltd,SPEEDEX,INE0SVD01012,Consumer Discretionary,Consumer Durables,Consumer Durables,Houseware,Green,Manufactures and distributes stainless-steel bottles and allied drinkware. Stainless-steel houseware is animal-neutral and has no animal-derived input. (NoticeBlue)
Om Galaxy Ltd,OMG,INE2D0Q01027,Industrials,Capital Goods,Industrial Products,Industrial Products,Green,"Designs and manufactures precision moulds for pipe fittings, industrial and automotive applications and produces synthetic cleaning products such as mops, brushes and wipers. No animal-derived materials or animal-linked product line identified. (NoticeBlue)"
Panchatv Bharat Ltd,PANCHATV,INE0VXN01011,Consumer Discretionary,Textiles,Textiles,Other Textile Products,Green,"Manufactures, wholesales and distributes denim fabric made from cotton. No wool, silk or leather product line is identified. (NoticeBlue)"
Raksan Transformers Ltd,RAKSAN,INE1S7M01017,Industrials,Capital Goods,Electrical Equipment,Transformers,Green,"Manufactures distribution, power, solar-application and special-purpose transformers. The electrical equipment uses steel, copper, insulation and mineral oil, with no animal-derived input. (Exchange Circulars)"
Injecto Polymers Ltd,INJECTO,INE1JJF01019,Consumer Discretionary,Consumer Durables,Consumer Products,Plastic Products,Green,"Manufactures PP, HDPE, BOPP, FIBC and Leno bags, pouches and yarn from petrochemical polymers. No animal-derived input; industries purchasing the packaging are not counted. (NoticeBlue)"
Century Business Media Ltd,CENTURYOOH,INE16VF01010,Communication Services,"Media, Entertainment & Publication",Media,Advertising,Green,"Provides out-of-home advertising across airports, railway stations, metro systems and city-media formats. Advertising and media services are animal-neutral; clients from different industries are not counted as animal linkage. (Exchange Circulars)"
Quanto Agroworld Ltd,,INE0OAB01019,Consumer Staples,Agricultural Products,Agricultural Products,Other Agricultural Products,Green,"Undertakes chemical-free cultivation of aromatic crops and steam-distillation of plant-based essential oils. The business is plant-based and has no dairy, meat, leather or insecticide product line. (The Economic Times)"
Axiom Gas Engineering Ltd,AXIOMGAS,INE16J201028,Utilities,Gas,Gas,Gas Distribution,Green,Distributes and retails Auto LPG through dispensing stations with associated storage and transport infrastructure. Fuel-gas distribution is an inorganic utility service with no animal-derived product. (Trade Ganpati)
